Family,Action / Sub-line,Topic ID 2026,Manager,Amount (EUR),Amount Type,Duration,EU Funding Rate,Deadline 2027 (speculative),Practical Implication / Notes
Capacity Building Sport,CB Sport (Region 1+2),ERASMUS-SPORT-2027-CB,EACEA,"100,000 €",Min budget-based,12-36 months,80%,5 March 2027 (speculative),"Min of the 100k-200k range. Total project budget ≥ 125% of EU grant; 20% own/third-party resources."
Capacity Building Sport,CB Sport (Region 1+2),ERASMUS-SPORT-2027-CB,EACEA,"200,000 €",Max budget-based,12-36 months,80%,5 March 2027 (speculative),"Max of the 100k-200k range. Total project budget ≥ 125% of EU grant; 20% own/third-party resources."
Not-for-profit Sport Events,European Local event Type I,ERASMUS-SPORT-2027-SNCESE,EACEA,"200,000 €",Pre-defined lump sum,12 or 18 months,Pre-fixed lump sum,22 January 2027 (speculative),3-5 orgs from 3-5 countries. Total project cost expected higher than lump sum.
Not-for-profit Sport Events,European Local event Type II,ERASMUS-SPORT-2027-SNCESE,EACEA,"300,000 €",Pre-defined lump sum,12 or 18 months,Pre-fixed lump sum,22 January 2027 (speculative),Min 6 orgs from 6 countries. Total project cost expected higher than lump sum.
Not-for-profit Sport Events,European-wide event,ERASMUS-SPORT-2027-SNCESE,EACEA,"450,000 €",Pre-defined lump sum,12 or 18 months,Pre-fixed lump sum,22 January 2027 (speculative),Min 10 orgs from 10 countries. Total project cost expected higher than lump sum.
Not-for-profit Sport Events,Large-Scale European event (min),ERASMUS-SPORT-2027-LSSNCESE,EACEA,"1,000,000 €",Min fixed lump sum,12 or 18 months,Pre-fixed lump sum,22 January 2027 (speculative),Min 15 orgs from 15 countries. Total project cost expected higher than lump sum.
Not-for-profit Sport Events,Large-Scale European event (max),ERASMUS-SPORT-2027-LSSNCESE,EACEA,"1,500,000 €",Max fixed lump sum,12 or 18 months,Pre-fixed lump sum,22 January 2027 (speculative),Min 15 orgs from 15 countries. Total project cost expected higher than lump sum.
Cooperation Partnerships (Sport),Sport CP - small,ERASMUS-SPORT-2027-SCP,EACEA,"120,000 €",Pre-defined lump sum,12-36 months,Pre-fixed lump sum,5 March 2027 (speculative),3 fixed amounts. Total project cost expected HIGHER than lump sum.
Cooperation Partnerships (Sport),Sport CP - medium,ERASMUS-SPORT-2027-SCP,EACEA,"250,000 €",Pre-defined lump sum,12-36 months,Pre-fixed lump sum,5 March 2027 (speculative),3 fixed amounts. Total project cost expected HIGHER than lump sum.
Cooperation Partnerships (Sport),Sport CP - large,ERASMUS-SPORT-2027-SCP,EACEA,"400,000 €",Pre-defined lump sum,12-36 months,Pre-fixed lump sum,5 March 2027 (speculative),3 fixed amounts. Total project cost expected HIGHER than lump sum.
Small-Scale Partnerships (Sport),Sport SSP - small,ERASMUS-SPORT-2027-SSCP,EACEA,"30,000 €",Pre-defined lump sum,6-24 months,Pre-fixed lump sum,5 March 2027 (speculative),2 fixed amounts. Total project cost expected HIGHER than lump sum.
Small-Scale Partnerships (Sport),Sport SSP - medium,ERASMUS-SPORT-2027-SSCP,EACEA,"60,000 €",Pre-defined lump sum,6-24 months,Pre-fixed lump sum,5 March 2027 (speculative),2 fixed amounts. Total project cost expected HIGHER than lump sum.
Capacity Building VET,CB VET Western Balkans,ERASMUS-EDU-2027-CB-VET-WB,EACEA,"500,000 €",Max budget-based,36 months,80%,26 March 2027 (speculative),"No minimum. Total project budget ≥ 125% of EU grant; 20% own/third-party resources."
Capacity Building VET,CB VET Neighbourhood East,ERASMUS-EDU-2027-CB-VET-NE,EACEA,"500,000 €",Max budget-based,36 months,80%,26 March 2027 (speculative),"No minimum. Total project budget ≥ 125% of EU grant; 20% own/third-party resources."
Capacity Building VET,CB VET South-Mediterranean,ERASMUS-EDU-2027-CB-VET-SMC,EACEA,"500,000 €",Max budget-based,36 months,80%,26 March 2027 (speculative),"No minimum. Total project budget ≥ 125% of EU grant; 20% own/third-party resources."
Capacity Building VET,CB VET Sub-Saharan Africa,ERASMUS-EDU-2027-CB-VET-SSA,EACEA,"500,000 €",Max budget-based,36 months,80%,26 March 2027 (speculative),"No minimum. Total project budget ≥ 125% of EU grant; 20% own/third-party resources."
Capacity Building VET,CB VET Latin America,ERASMUS-EDU-2027-CB-VET-LA,EACEA,"500,000 €",Max budget-based,36 months,80%,26 March 2027 (speculative),"No minimum. Total project budget ≥ 125% of EU grant; 20% own/third-party resources."
Capacity Building VET,CB VET Caribbean,ERASMUS-EDU-2027-CB-VET-CA,EACEA,"500,000 €",Max budget-based,36 months,80%,26 March 2027 (speculative),"No minimum. Total project budget ≥ 125% of EU grant; 20% own/third-party resources."
Capacity Building Youth,CBY Western Balkans,ERASMUS-YOUTH-2027-CB-WB,EACEA,"300,000 €",Max budget-based,12-36 months,80%,26 February 2027 (speculative),"Total project budget ≥ 125% of EU grant; 20% own/third-party resources."
Capacity Building Youth,CBY Neighbourhood East,ERASMUS-YOUTH-2027-CB-NE,EACEA,"300,000 €",Max budget-based,12-36 months,80%,26 February 2027 (speculative),"Total project budget ≥ 125% of EU grant; 20% own/third-party resources."
Capacity Building Youth,CBY South-Mediterranean,ERASMUS-YOUTH-2027-CB-SMC,EACEA,"300,000 €",Max budget-based,12-36 months,80%,26 February 2027 (speculative),"Total project budget ≥ 125% of EU grant; 20% own/third-party resources."
Capacity Building Youth,CBY Sub-Saharan Africa,ERASMUS-YOUTH-2027-CB-SSA,EACEA,"450,000 €",Max budget-based,12-36 months,80%,26 February 2027 (speculative),"Includes Youth Exchanges. Total project budget ≥ 125% of EU grant; 20% own/third-party resources."
KA3 European Youth Together,EYT,ERASMUS-YOUTH-2027-YOUTH-TOG,EACEA,"500,000 €",Max budget-based,24 months,80%,26 February 2027 (speculative),"Min 5 partners from 5 countries. Total project budget ≥ 125% of EU grant; 20% own/third-party resources."
Cooperation Partnerships (KA220),School Education (KA220-SCH),KA220-SCH-2027,National Agency,"120,000 €",Pre-defined lump sum,12-36 months,Pre-fixed lump sum,5 March 2027 (speculative),"Total project cost expected HIGHER than lump sum (own funds, in-kind, services)."
Cooperation Partnerships (KA220),School Education (KA220-SCH),KA220-SCH-2027,National Agency,"250,000 €",Pre-defined lump sum,12-36 months,Pre-fixed lump sum,5 March 2027 (speculative),"Total project cost expected HIGHER than lump sum (own funds, in-kind, services)."
Cooperation Partnerships (KA220),School Education (KA220-SCH),KA220-SCH-2027,National Agency,"400,000 €",Pre-defined lump sum,12-36 months,Pre-fixed lump sum,5 March 2027 (speculative),"Total project cost expected HIGHER than lump sum (own funds, in-kind, services)."
Cooperation Partnerships (KA220),VET (KA220-VET),KA220-VET-2027,National Agency,"120,000 €",Pre-defined lump sum,12-36 months,Pre-fixed lump sum,5 March 2027 (speculative),"Total project cost expected HIGHER than lump sum (own funds, in-kind, services)."
Cooperation Partnerships (KA220),VET (KA220-VET),KA220-VET-2027,National Agency,"250,000 €",Pre-defined lump sum,12-36 months,Pre-fixed lump sum,5 March 2027 (speculative),"Total project cost expected HIGHER than lump sum (own funds, in-kind, services)."
Cooperation Partnerships (KA220),VET (KA220-VET),KA220-VET-2027,National Agency,"400,000 €",Pre-defined lump sum,12-36 months,Pre-fixed lump sum,5 March 2027 (speculative),"Total project cost expected HIGHER than lump sum (own funds, in-kind, services)."
Cooperation Partnerships (KA220),Higher Education (KA220-HED),KA220-HED-2027,National Agency,"120,000 €",Pre-defined lump sum,12-36 months,Pre-fixed lump sum,5 March 2027 (speculative),"Total project cost expected HIGHER than lump sum (own funds, in-kind, services)."
Cooperation Partnerships (KA220),Higher Education (KA220-HED),KA220-HED-2027,National Agency,"250,000 €",Pre-defined lump sum,12-36 months,Pre-fixed lump sum,5 March 2027 (speculative),"Total project cost expected HIGHER than lump sum (own funds, in-kind, services)."
Cooperation Partnerships (KA220),Higher Education (KA220-HED),KA220-HED-2027,National Agency,"400,000 €",Pre-defined lump sum,12-36 months,Pre-fixed lump sum,5 March 2027 (speculative),"Total project cost expected HIGHER than lump sum (own funds, in-kind, services)."
Cooperation Partnerships (KA220),Adult Education (KA220-ADU),KA220-ADU-2027,National Agency,"120,000 €",Pre-defined lump sum,12-36 months,Pre-fixed lump sum,5 March 2027 (speculative),"Total project cost expected HIGHER than lump sum (own funds, in-kind, services)."
Cooperation Partnerships (KA220),Adult Education (KA220-ADU),KA220-ADU-2027,National Agency,"250,000 €",Pre-defined lump sum,12-36 months,Pre-fixed lump sum,5 March 2027 (speculative),"Total project cost expected HIGHER than lump sum (own funds, in-kind, services)."
Cooperation Partnerships (KA220),Adult Education (KA220-ADU),KA220-ADU-2027,National Agency,"400,000 €",Pre-defined lump sum,12-36 months,Pre-fixed lump sum,5 March 2027 (speculative),"Total project cost expected HIGHER than lump sum (own funds, in-kind, services)."
Cooperation Partnerships (KA220),Youth (KA220-YOU),KA220-YOU-2027,National Agency,"120,000 €",Pre-defined lump sum,12-36 months,Pre-fixed lump sum,5 March 2027 (speculative),"Total project cost expected HIGHER than lump sum (own funds, in-kind, services)."
Cooperation Partnerships (KA220),Youth (KA220-YOU),KA220-YOU-2027,National Agency,"250,000 €",Pre-defined lump sum,12-36 months,Pre-fixed lump sum,5 March 2027 (speculative),"Total project cost expected HIGHER than lump sum (own funds, in-kind, services)."
Cooperation Partnerships (KA220),Youth (KA220-YOU),KA220-YOU-2027,National Agency,"400,000 €",Pre-defined lump sum,12-36 months,Pre-fixed lump sum,5 March 2027 (speculative),"Total project cost expected HIGHER than lump sum (own funds, in-kind, services)."
Cooperation Partnerships (European NGOs),European NGOs - Education & Training,ERASMUS-EDU-2027-PCOOP-ENGO,EACEA,"120,000 €",Pre-defined lump sum,12-36 months,Pre-fixed lump sum,5 March 2027 (speculative),Same logic as KA220 sectorial. Total project cost expected HIGHER than EU lump sum.
Cooperation Partnerships (European NGOs),European NGOs - Education & Training,ERASMUS-EDU-2027-PCOOP-ENGO,EACEA,"250,000 €",Pre-defined lump sum,12-36 months,Pre-fixed lump sum,5 March 2027 (speculative),Same logic as KA220 sectorial. Total project cost expected HIGHER than EU lump sum.
Cooperation Partnerships (European NGOs),European NGOs - Education & Training,ERASMUS-EDU-2027-PCOOP-ENGO,EACEA,"400,000 €",Pre-defined lump sum,12-36 months,Pre-fixed lump sum,5 March 2027 (speculative),Same logic as KA220 sectorial. Total project cost expected HIGHER than EU lump sum.
Cooperation Partnerships (European NGOs),European NGOs - Youth,ERASMUS-YOUTH-2027-PCOOP-ENGO,EACEA,"120,000 €",Pre-defined lump sum,12-36 months,Pre-fixed lump sum,5 March 2027 (speculative),Same logic as KA220 sectorial. Total project cost expected HIGHER than EU lump sum.
Cooperation Partnerships (European NGOs),European NGOs - Youth,ERASMUS-YOUTH-2027-PCOOP-ENGO,EACEA,"250,000 €",Pre-defined lump sum,12-36 months,Pre-fixed lump sum,5 March 2027 (speculative),Same logic as KA220 sectorial. Total project cost expected HIGHER than EU lump sum.
Cooperation Partnerships (European NGOs),European NGOs - Youth,ERASMUS-YOUTH-2027-PCOOP-ENGO,EACEA,"400,000 €",Pre-defined lump sum,12-36 months,Pre-fixed lump sum,5 March 2027 (speculative),Same logic as KA220 sectorial. Total project cost expected HIGHER than EU lump sum.
Small-Scale Partnerships (KA210),School Education (KA210-SCH),KA210-SCH-2027,National Agency,"30,000 €",Pre-defined lump sum,6-24 months,Pre-fixed lump sum,5 March 2027 (speculative),Total project cost expected HIGHER than lump sum.
Small-Scale Partnerships (KA210),School Education (KA210-SCH),KA210-SCH-2027,National Agency,"60,000 €",Pre-defined lump sum,6-24 months,Pre-fixed lump sum,5 March 2027 (speculative),Total project cost expected HIGHER than lump sum.
Small-Scale Partnerships (KA210),VET (KA210-VET),KA210-VET-2027,National Agency,"30,000 €",Pre-defined lump sum,6-24 months,Pre-fixed lump sum,5 March 2027 (speculative),Total project cost expected HIGHER than lump sum.
Small-Scale Partnerships (KA210),VET (KA210-VET),KA210-VET-2027,National Agency,"60,000 €",Pre-defined lump sum,6-24 months,Pre-fixed lump sum,5 March 2027 (speculative),Total project cost expected HIGHER than lump sum.
Small-Scale Partnerships (KA210),Adult Education (KA210-ADU),KA210-ADU-2027,National Agency,"30,000 €",Pre-defined lump sum,6-24 months,Pre-fixed lump sum,5 March 2027 (speculative),Total project cost expected HIGHER than lump sum.
Small-Scale Partnerships (KA210),Adult Education (KA210-ADU),KA210-ADU-2027,National Agency,"60,000 €",Pre-defined lump sum,6-24 months,Pre-fixed lump sum,5 March 2027 (speculative),Total project cost expected HIGHER than lump sum.
Small-Scale Partnerships (KA210),Youth (KA210-YOU),KA210-YOU-2027,National Agency,"30,000 €",Pre-defined lump sum,6-24 months,Pre-fixed lump sum,5 March 2027 (speculative),Total project cost expected HIGHER than lump sum.
Small-Scale Partnerships (KA210),Youth (KA210-YOU),KA210-YOU-2027,National Agency,"60,000 €",Pre-defined lump sum,6-24 months,Pre-fixed lump sum,5 March 2027 (speculative),Total project cost expected HIGHER than lump sum.
European Partnerships for School Development (EPSD),EPSD (KA240-SCH),KA240-SCH-2027,National Agency,"400,000 €",Fixed lump sum,36 months,Pre-fixed lump sum,9 April 2027 (speculative),NEW 2026 ACTION. School authorities expected to contribute additional resources for systemic impact.
Alliances for Innovation,Lot 1 - Education & Enterprises (2 yr),ERASMUS-EDU-2027-PI-ALL-INNO-EDU-ENTERP,EACEA,"1,000,000 €",Max budget-based,2 years,80%,10 March 2027 (speculative),"Total project budget ≥ 125% of EU grant; industrial partners often contribute heavily."
Alliances for Innovation,Lot 1 - Education & Enterprises (3 yr),ERASMUS-EDU-2027-PI-ALL-INNO-EDU-ENTERP,EACEA,"1,500,000 €",Max budget-based,3 years,80%,10 March 2027 (speculative),"Total project budget ≥ 125% of EU grant; industrial partners often contribute heavily."
Alliances for Innovation,Lot 2 - Sectoral Cooperation (Blueprint),ERASMUS-EDU-2027-PI-ALL-INNO-BLUEPRINT,EACEA,"4,000,000 €",Max budget-based,4 years,80%,10 March 2027 (speculative),"Total project budget ≥ 125% of EU grant; 20% own/third-party resources."
Alliances for Innovation,Lot 3 - STEM Skills Foundries,ERASMUS-EDU-2027-PI-ALL-INNO-STEM,EACEA,"1,500,000 €",Max budget-based,2 years,80%,10 March 2027 (speculative),"New 2026 lot. Total project budget ≥ 125% of EU grant; 20% own/third-party resources."
Partnerships for Excellence,Centres of Vocational Excellence (CoVE),ERASMUS-EDU-2027-PEX-COVE,EACEA,"4,000,000 €",Max budget-based,48 months,80%,3 September 2027 (speculative),"Total project budget ≥ 125% of EU grant; 20% own/third-party resources."
Partnerships for Excellence,Erasmus+ Teacher Academies,ERASMUS-EDU-2027-PEX-TEACH-ACA,EACEA,"1,500,000 €",Max budget-based,36 months,80%,26 March 2027 (speculative),"Total project budget ≥ 125% of EU grant; 20% own/third-party resources."
Partnerships for Excellence,European Universities,ERASMUS-EDU-2027-EUR-UNIV,EACEA,"6,400,000 €",Max budget-based (indicative),24 months,80%,TBD 2027 (speculative),Total budget call: 145.6M / ~22-24 alliances. National/regional co-funding typically added.
Partnerships for Excellence,Erasmus Mundus Joint Masters (EMJM),ERASMUS-EDU-2027-PEX-EMJM-MOB,EACEA,"5,000,000 €",Max budget-based (variable),Up to 78 months,Mixed (lump sums + scholarships),11 February 2027 (speculative),Approx ceiling. Tuition fees and additional costs may be co-financed by institutions.
Partnerships for Excellence,Erasmus Mundus Design Measures,ERASMUS-EDU-2027-EMJM-DESIGN,EACEA,"55,000 €",Fixed lump sum,15 months,Pre-fixed lump sum,11 February 2027 (speculative),"Single small lump sum; institutions cover additional design-phase costs."
Capacity Building HE (CBHE),Region 1 Western Balkans - Strand 1 (min),ERASMUS-EDU-2027-CBHE-WB,EACEA,"200,000 €",Min budget-based,24-36 months,90%,10 February 2027 (speculative),Strand 1 (Fostering access). Region 1. ONLY action with 90% rate.
Capacity Building HE (CBHE),Region 1 Western Balkans - Strand 1 (max),ERASMUS-EDU-2027-CBHE-WB,EACEA,"400,000 €",Max budget-based,24-36 months,90%,10 February 2027 (speculative),Strand 1 (Fostering access). Region 1. ONLY action with 90% rate.
Capacity Building HE (CBHE),Region 1 Western Balkans - Strand 2 (min),ERASMUS-EDU-2027-CBHE-WB,EACEA,"400,000 €",Min budget-based,24-36 months,90%,10 February 2027 (speculative),Strand 2 (Partnerships for transformation). Region 1. ONLY action with 90% rate.
Capacity Building HE (CBHE),Region 1 Western Balkans - Strand 2 (max),ERASMUS-EDU-2027-CBHE-WB,EACEA,"800,000 €",Max budget-based,24-36 months,90%,10 February 2027 (speculative),Strand 2 (Partnerships for transformation). Region 1. ONLY action with 90% rate.
Capacity Building HE (CBHE),Region 1 Western Balkans - Strand 3 (min),ERASMUS-EDU-2027-CBHE-WB,EACEA,"600,000 €",Min budget-based,36-48 months,90%,10 February 2027 (speculative),Strand 3 (Structural Reform). Region 1. ONLY action with 90% rate.
Capacity Building HE (CBHE),Region 1 Western Balkans - Strand 3 (max),ERASMUS-EDU-2027-CBHE-WB,EACEA,"1,000,000 €",Max budget-based,36-48 months,90%,10 February 2027 (speculative),Strand 3 (Structural Reform). Region 1. ONLY action with 90% rate.
Capacity Building HE (CBHE),Region 2 Neighbourhood East - Strand 1 (min),ERASMUS-EDU-2027-CBHE-NE,EACEA,"200,000 €",Min budget-based,24-36 months,90%,10 February 2027 (speculative),Strand 1 (Fostering access). Region 2. ONLY action with 90% rate.
Capacity Building HE (CBHE),Region 2 Neighbourhood East - Strand 1 (max),ERASMUS-EDU-2027-CBHE-NE,EACEA,"400,000 €",Max budget-based,24-36 months,90%,10 February 2027 (speculative),Strand 1 (Fostering access). Region 2. ONLY action with 90% rate.
Capacity Building HE (CBHE),Region 2 Neighbourhood East - Strand 2 (min),ERASMUS-EDU-2027-CBHE-NE,EACEA,"400,000 €",Min budget-based,24-36 months,90%,10 February 2027 (speculative),Strand 2 (Partnerships for transformation). Region 2. ONLY action with 90% rate.
Capacity Building HE (CBHE),Region 2 Neighbourhood East - Strand 2 (max),ERASMUS-EDU-2027-CBHE-NE,EACEA,"800,000 €",Max budget-based,24-36 months,90%,10 February 2027 (speculative),Strand 2 (Partnerships for transformation). Region 2. ONLY action with 90% rate.
Capacity Building HE (CBHE),Region 2 Neighbourhood East - Strand 3 (min),ERASMUS-EDU-2027-CBHE-NE,EACEA,"600,000 €",Min budget-based,36-48 months,90%,10 February 2027 (speculative),Strand 3 (Structural Reform). Region 2. ONLY action with 90% rate.
Capacity Building HE (CBHE),Region 2 Neighbourhood East - Strand 3 (max),ERASMUS-EDU-2027-CBHE-NE,EACEA,"1,000,000 €",Max budget-based,36-48 months,90%,10 February 2027 (speculative),Strand 3 (Structural Reform). Region 2. ONLY action with 90% rate.
Capacity Building HE (CBHE),Region 3 South-Mediterranean Countries - Strand 1 (min),ERASMUS-EDU-2027-CBHE-SMC,EACEA,"200,000 €",Min budget-based,24-36 months,90%,10 February 2027 (speculative),Strand 1 (Fostering access). Region 3. ONLY action with 90% rate.
Capacity Building HE (CBHE),Region 3 South-Mediterranean Countries - Strand 1 (max),ERASMUS-EDU-2027-CBHE-SMC,EACEA,"400,000 €",Max budget-based,24-36 months,90%,10 February 2027 (speculative),Strand 1 (Fostering access). Region 3. ONLY action with 90% rate.
Capacity Building HE (CBHE),Region 3 South-Mediterranean Countries - Strand 2 (min),ERASMUS-EDU-2027-CBHE-SMC,EACEA,"400,000 €",Min budget-based,24-36 months,90%,10 February 2027 (speculative),Strand 2 (Partnerships for transformation). Region 3. ONLY action with 90% rate.
Capacity Building HE (CBHE),Region 3 South-Mediterranean Countries - Strand 2 (max),ERASMUS-EDU-2027-CBHE-SMC,EACEA,"800,000 €",Max budget-based,24-36 months,90%,10 February 2027 (speculative),Strand 2 (Partnerships for transformation). Region 3. ONLY action with 90% rate.
Capacity Building HE (CBHE),Region 3 South-Mediterranean Countries - Strand 3 (min),ERASMUS-EDU-2027-CBHE-SMC,EACEA,"600,000 €",Min budget-based,36-48 months,90%,10 February 2027 (speculative),Strand 3 (Structural Reform). Region 3. ONLY action with 90% rate.
Capacity Building HE (CBHE),Region 3 South-Mediterranean Countries - Strand 3 (max),ERASMUS-EDU-2027-CBHE-SMC,EACEA,"1,000,000 €",Max budget-based,36-48 months,90%,10 February 2027 (speculative),Strand 3 (Structural Reform). Region 3. ONLY action with 90% rate.
Capacity Building HE (CBHE),Region 5a Asia - Strand 1 (min),ERASMUS-EDU-2027-CBHE-ASIA,EACEA,"200,000 €",Min budget-based,24-36 months,90%,10 February 2027 (speculative),Strand 1 (Fostering access). Region 5a. ONLY action with 90% rate.
Capacity Building HE (CBHE),Region 5a Asia - Strand 1 (max),ERASMUS-EDU-2027-CBHE-ASIA,EACEA,"400,000 €",Max budget-based,24-36 months,90%,10 February 2027 (speculative),Strand 1 (Fostering access). Region 5a. ONLY action with 90% rate.
Capacity Building HE (CBHE),Region 5a Asia - Strand 2 (min),ERASMUS-EDU-2027-CBHE-ASIA,EACEA,"400,000 €",Min budget-based,24-36 months,90%,10 February 2027 (speculative),Strand 2 (Partnerships for transformation). Region 5a. ONLY action with 90% rate.
Capacity Building HE (CBHE),Region 5a Asia - Strand 2 (max),ERASMUS-EDU-2027-CBHE-ASIA,EACEA,"800,000 €",Max budget-based,24-36 months,90%,10 February 2027 (speculative),Strand 2 (Partnerships for transformation). Region 5a. ONLY action with 90% rate.
Capacity Building HE (CBHE),Region 5a Asia - Strand 3 (min),ERASMUS-EDU-2027-CBHE-ASIA,EACEA,"600,000 €",Min budget-based,36-48 months,90%,10 February 2027 (speculative),Strand 3 (Structural Reform). Region 5a. ONLY action with 90% rate.
Capacity Building HE (CBHE),Region 5a Asia - Strand 3 (max),ERASMUS-EDU-2027-CBHE-ASIA,EACEA,"1,000,000 €",Max budget-based,36-48 months,90%,10 February 2027 (speculative),Strand 3 (Structural Reform). Region 5a. ONLY action with 90% rate.
Capacity Building HE (CBHE),Region 6 Central Asia - Strand 1 (min),ERASMUS-EDU-2027-CBHE-CA,EACEA,"200,000 €",Min budget-based,24-36 months,90%,10 February 2027 (speculative),Strand 1 (Fostering access). Region 6. ONLY action with 90% rate.
Capacity Building HE (CBHE),Region 6 Central Asia - Strand 1 (max),ERASMUS-EDU-2027-CBHE-CA,EACEA,"400,000 €",Max budget-based,24-36 months,90%,10 February 2027 (speculative),Strand 1 (Fostering access). Region 6. ONLY action with 90% rate.
Capacity Building HE (CBHE),Region 6 Central Asia - Strand 2 (min),ERASMUS-EDU-2027-CBHE-CA,EACEA,"400,000 €",Min budget-based,24-36 months,90%,10 February 2027 (speculative),Strand 2 (Partnerships for transformation). Region 6. ONLY action with 90% rate.
Capacity Building HE (CBHE),Region 6 Central Asia - Strand 2 (max),ERASMUS-EDU-2027-CBHE-CA,EACEA,"800,000 €",Max budget-based,24-36 months,90%,10 February 2027 (speculative),Strand 2 (Partnerships for transformation). Region 6. ONLY action with 90% rate.
Capacity Building HE (CBHE),Region 6 Central Asia - Strand 3 (min),ERASMUS-EDU-2027-CBHE-CA,EACEA,"600,000 €",Min budget-based,36-48 months,90%,10 February 2027 (speculative),Strand 3 (Structural Reform). Region 6. ONLY action with 90% rate.
Capacity Building HE (CBHE),Region 6 Central Asia - Strand 3 (max),ERASMUS-EDU-2027-CBHE-CA,EACEA,"1,000,000 €",Max budget-based,36-48 months,90%,10 February 2027 (speculative),Strand 3 (Structural Reform). Region 6. ONLY action with 90% rate.
Capacity Building HE (CBHE),Region 7a Middle East - Strand 1 (min),ERASMUS-EDU-2027-CBHE-ME,EACEA,"200,000 €",Min budget-based,24-36 months,90%,10 February 2027 (speculative),Strand 1 (Fostering access). Region 7a. ONLY action with 90% rate.
Capacity Building HE (CBHE),Region 7a Middle East - Strand 1 (max),ERASMUS-EDU-2027-CBHE-ME,EACEA,"400,000 €",Max budget-based,24-36 months,90%,10 February 2027 (speculative),Strand 1 (Fostering access). Region 7a. ONLY action with 90% rate.
Capacity Building HE (CBHE),Region 7a Middle East - Strand 2 (min),ERASMUS-EDU-2027-CBHE-ME,EACEA,"400,000 €",Min budget-based,24-36 months,90%,10 February 2027 (speculative),Strand 2 (Partnerships for transformation). Region 7a. ONLY action with 90% rate.
Capacity Building HE (CBHE),Region 7a Middle East - Strand 2 (max),ERASMUS-EDU-2027-CBHE-ME,EACEA,"800,000 €",Max budget-based,24-36 months,90%,10 February 2027 (speculative),Strand 2 (Partnerships for transformation). Region 7a. ONLY action with 90% rate.
Capacity Building HE (CBHE),Region 7a Middle East - Strand 3 (min),ERASMUS-EDU-2027-CBHE-ME,EACEA,"600,000 €",Min budget-based,36-48 months,90%,10 February 2027 (speculative),Strand 3 (Structural Reform). Region 7a. ONLY action with 90% rate.
Capacity Building HE (CBHE),Region 7a Middle East - Strand 3 (max),ERASMUS-EDU-2027-CBHE-ME,EACEA,"1,000,000 €",Max budget-based,36-48 months,90%,10 February 2027 (speculative),Strand 3 (Structural Reform). Region 7a. ONLY action with 90% rate.
Capacity Building HE (CBHE),Region 8a Pacific - Strand 1 (min),ERASMUS-EDU-2027-CBHE-PAC,EACEA,"200,000 €",Min budget-based,24-36 months,90%,10 February 2027 (speculative),Strand 1 (Fostering access). Region 8a. ONLY action with 90% rate.
Capacity Building HE (CBHE),Region 8a Pacific - Strand 1 (max),ERASMUS-EDU-2027-CBHE-PAC,EACEA,"400,000 €",Max budget-based,24-36 months,90%,10 February 2027 (speculative),Strand 1 (Fostering access). Region 8a. ONLY action with 90% rate.
Capacity Building HE (CBHE),Region 8a Pacific - Strand 2 (min),ERASMUS-EDU-2027-CBHE-PAC,EACEA,"400,000 €",Min budget-based,24-36 months,90%,10 February 2027 (speculative),Strand 2 (Partnerships for transformation). Region 8a. ONLY action with 90% rate.
Capacity Building HE (CBHE),Region 8a Pacific - Strand 2 (max),ERASMUS-EDU-2027-CBHE-PAC,EACEA,"800,000 €",Max budget-based,24-36 months,90%,10 February 2027 (speculative),Strand 2 (Partnerships for transformation). Region 8a. ONLY action with 90% rate.
Capacity Building HE (CBHE),Region 8a Pacific - Strand 3 (min),ERASMUS-EDU-2027-CBHE-PAC,EACEA,"600,000 €",Min budget-based,36-48 months,90%,10 February 2027 (speculative),Strand 3 (Structural Reform). Region 8a. ONLY action with 90% rate.
Capacity Building HE (CBHE),Region 8a Pacific - Strand 3 (max),ERASMUS-EDU-2027-CBHE-PAC,EACEA,"1,000,000 €",Max budget-based,36-48 months,90%,10 February 2027 (speculative),Strand 3 (Structural Reform). Region 8a. ONLY action with 90% rate.
Capacity Building HE (CBHE),Region 9 Sub-Saharan Africa - Strand 1 (min),ERASMUS-EDU-2027-CBHE-SSA,EACEA,"200,000 €",Min budget-based,24-36 months,90%,10 February 2027 (speculative),Strand 1 (Fostering access). Region 9. ONLY action with 90% rate.
Capacity Building HE (CBHE),Region 9 Sub-Saharan Africa - Strand 1 (max),ERASMUS-EDU-2027-CBHE-SSA,EACEA,"400,000 €",Max budget-based,24-36 months,90%,10 February 2027 (speculative),Strand 1 (Fostering access). Region 9. ONLY action with 90% rate.
Capacity Building HE (CBHE),Region 9 Sub-Saharan Africa - Strand 2 (min),ERASMUS-EDU-2027-CBHE-SSA,EACEA,"400,000 €",Min budget-based,24-36 months,90%,10 February 2027 (speculative),Strand 2 (Partnerships for transformation). Region 9. ONLY action with 90% rate.
Capacity Building HE (CBHE),Region 9 Sub-Saharan Africa - Strand 2 (max),ERASMUS-EDU-2027-CBHE-SSA,EACEA,"800,000 €",Max budget-based,24-36 months,90%,10 February 2027 (speculative),Strand 2 (Partnerships for transformation). Region 9. ONLY action with 90% rate.
Capacity Building HE (CBHE),Region 9 Sub-Saharan Africa - Strand 3 (min),ERASMUS-EDU-2027-CBHE-SSA,EACEA,"600,000 €",Min budget-based,36-48 months,90%,10 February 2027 (speculative),Strand 3 (Structural Reform). Region 9. ONLY action with 90% rate.
Capacity Building HE (CBHE),Region 9 Sub-Saharan Africa - Strand 3 (max),ERASMUS-EDU-2027-CBHE-SSA,EACEA,"1,000,000 €",Max budget-based,36-48 months,90%,10 February 2027 (speculative),Strand 3 (Structural Reform). Region 9. ONLY action with 90% rate.
Capacity Building HE (CBHE),Region 10 Latin America - Strand 1 (min),ERASMUS-EDU-2027-CBHE-LA,EACEA,"200,000 €",Min budget-based,24-36 months,90%,10 February 2027 (speculative),Strand 1 (Fostering access). Region 10. ONLY action with 90% rate.
Capacity Building HE (CBHE),Region 10 Latin America - Strand 1 (max),ERASMUS-EDU-2027-CBHE-LA,EACEA,"400,000 €",Max budget-based,24-36 months,90%,10 February 2027 (speculative),Strand 1 (Fostering access). Region 10. ONLY action with 90% rate.
Capacity Building HE (CBHE),Region 10 Latin America - Strand 2 (min),ERASMUS-EDU-2027-CBHE-LA,EACEA,"400,000 €",Min budget-based,24-36 months,90%,10 February 2027 (speculative),Strand 2 (Partnerships for transformation). Region 10. ONLY action with 90% rate.
Capacity Building HE (CBHE),Region 10 Latin America - Strand 2 (max),ERASMUS-EDU-2027-CBHE-LA,EACEA,"800,000 €",Max budget-based,24-36 months,90%,10 February 2027 (speculative),Strand 2 (Partnerships for transformation). Region 10. ONLY action with 90% rate.
Capacity Building HE (CBHE),Region 10 Latin America - Strand 3 (min),ERASMUS-EDU-2027-CBHE-LA,EACEA,"600,000 €",Min budget-based,36-48 months,90%,10 February 2027 (speculative),Strand 3 (Structural Reform). Region 10. ONLY action with 90% rate.
Capacity Building HE (CBHE),Region 10 Latin America - Strand 3 (max),ERASMUS-EDU-2027-CBHE-LA,EACEA,"1,000,000 €",Max budget-based,36-48 months,90%,10 February 2027 (speculative),Strand 3 (Structural Reform). Region 10. ONLY action with 90% rate.
Capacity Building HE (CBHE),Region 11 Caribbean - Strand 1 (min),ERASMUS-EDU-2027-CBHE-CARIB,EACEA,"200,000 €",Min budget-based,24-36 months,90%,10 February 2027 (speculative),Strand 1 (Fostering access). Region 11. ONLY action with 90% rate.
Capacity Building HE (CBHE),Region 11 Caribbean - Strand 1 (max),ERASMUS-EDU-2027-CBHE-CARIB,EACEA,"400,000 €",Max budget-based,24-36 months,90%,10 February 2027 (speculative),Strand 1 (Fostering access). Region 11. ONLY action with 90% rate.
Capacity Building HE (CBHE),Region 11 Caribbean - Strand 2 (min),ERASMUS-EDU-2027-CBHE-CARIB,EACEA,"400,000 €",Min budget-based,24-36 months,90%,10 February 2027 (speculative),Strand 2 (Partnerships for transformation). Region 11. ONLY action with 90% rate.
Capacity Building HE (CBHE),Region 11 Caribbean - Strand 2 (max),ERASMUS-EDU-2027-CBHE-CARIB,EACEA,"800,000 €",Max budget-based,24-36 months,90%,10 February 2027 (speculative),Strand 2 (Partnerships for transformation). Region 11. ONLY action with 90% rate.
Capacity Building HE (CBHE),Region 11 Caribbean - Strand 3 (min),ERASMUS-EDU-2027-CBHE-CARIB,EACEA,"600,000 €",Min budget-based,36-48 months,90%,10 February 2027 (speculative),Strand 3 (Structural Reform). Region 11. ONLY action with 90% rate.
Capacity Building HE (CBHE),Region 11 Caribbean - Strand 3 (max),ERASMUS-EDU-2027-CBHE-CARIB,EACEA,"1,000,000 €",Max budget-based,36-48 months,90%,10 February 2027 (speculative),Strand 3 (Structural Reform). Region 11. ONLY action with 90% rate.
Capacity Building HE (CBHE),Cross-Regional - Strand 1 (min),ERASMUS-EDU-2027-CBHE-CROSS-REGIONAL,EACEA,"200,000 €",Min budget-based,24-36 months,90%,10 February 2027 (speculative),Cross-Regional panel (multi-region projects). Indicatively 10% of total CBHE budget.
Capacity Building HE (CBHE),Cross-Regional - Strand 1 (max),ERASMUS-EDU-2027-CBHE-CROSS-REGIONAL,EACEA,"400,000 €",Max budget-based,24-36 months,90%,10 February 2027 (speculative),Cross-Regional panel (multi-region projects). Indicatively 10% of total CBHE budget.
Capacity Building HE (CBHE),Cross-Regional - Strand 2 (min),ERASMUS-EDU-2027-CBHE-CROSS-REGIONAL,EACEA,"400,000 €",Min budget-based,24-36 months,90%,10 February 2027 (speculative),Cross-Regional panel (multi-region projects). Indicatively 10% of total CBHE budget.
Capacity Building HE (CBHE),Cross-Regional - Strand 2 (max),ERASMUS-EDU-2027-CBHE-CROSS-REGIONAL,EACEA,"800,000 €",Max budget-based,24-36 months,90%,10 February 2027 (speculative),Cross-Regional panel (multi-region projects). Indicatively 10% of total CBHE budget.
Capacity Building HE (CBHE),Cross-Regional - Strand 3 (min),ERASMUS-EDU-2027-CBHE-CROSS-REGIONAL,EACEA,"600,000 €",Min budget-based,36-48 months,90%,10 February 2027 (speculative),Cross-Regional panel (multi-region projects). Indicatively 10% of total CBHE budget.
Capacity Building HE (CBHE),Cross-Regional - Strand 3 (max),ERASMUS-EDU-2027-CBHE-CROSS-REGIONAL,EACEA,"1,000,000 €",Max budget-based,36-48 months,90%,10 February 2027 (speculative),Cross-Regional panel (multi-region projects). Indicatively 10% of total CBHE budget.
Capacity Building HE (CBHE),Region 2 EU-Moldova Master's (Strand 3),ERASMUS-EDU-2027-CBHE-NE,EACEA,"2,000,000 €",Max budget-based,36-48 months,90%,10 February 2027 (speculative),"SPECIAL 2026 ACTION. Master's programme in European Affairs in Moldova. Strand 3, Region 2 only."
"NOTES, KEY DEFINITIONS & DEADLINES 2027 (SPECULATIVE)",,,,,,,,,
⚠ ALL 2027 figures are SPECULATIVE projections based on 2026 call structure. The 2027 Programme Guide is expected late 2026. Verify on F&TP before applying.,,,,,,,,,
KEY DEFINITIONS,,,,,,,,,
• Pre-defined lump sum: applicant chooses between fixed amounts (e.g. 30k or 60k for SSP). Cannot request a value in between.,,,,,,,,,
"• Budget-based lump sum: applicant submits detailed budget; EACEA fixes the lump sum after evaluation, capped at the maximum.",,,,,,,,,
"• EU Funding rate: maximum % of estimated eligible costs that the EU lump sum can represent (80% standard, 90% only for CBHE).",,,,,,,,,
• Manager EACEA = Centralised: applications go to the European Education and Culture Executive Agency via the F&TP.,,,,,,,,,
"• Manager National Agency = Decentralised: applications go to the National Agency in your country (in Spain: SEPIE for EDU/VET, INJUVE for Youth, CSD for Sport).",,,,,,,,,
CO-FINANCING — HOW IT WORKS,,,,,,,,,
ALL Erasmus+ actions are co-financed: the EU grant never covers 100% of the actual project cost.,,,,,,,,,
"• Actions with EXPLICIT % (80% or 90%): for EUR 400.000 EU grant at 80% rate, your total estimated project budget must be ≥ EUR 500.000 (EU grant ÷ 0.80).",,,,,,,,,
"• CBHE (90%): for EUR 800.000 EU grant, your total estimated project budget must be ≥ EUR ~888.889 (EU grant ÷ 0.90).",,,,,,,,,
"• Pre-fixed lump sums (KA210/KA220/EPSD/Sport CP-SSP/Sport Events/EMJM Design): no explicit %, but real project cost expected to be HIGHER than requested lump sum. Difference covered by own funds, in-kind contributions, or third-party resources.",,,,,,,,,
FAMILY-SPECIFIC NOTES,,,,,,,,,
"• CB Sport: range 100k-200k. Funding rate 80%. Eligible only Region 1 (Western Balkans) or Region 2 (Neighbourhood East), not both in same proposal.",,,,,,,,,
"• Not-for-profit Sport Events: 4 categories — Local Type I (200k), Local Type II (300k), European-wide (450k), Large-Scale (1M-1.5M, separate topic SNCESE-LS).",,,,,,,,,
"• CP Sport: 3 fixed amounts (120k, 250k, 400k). SSP Sport: 2 fixed amounts (30k, 60k).",,,,,,,,,
"• CB VET: max 500k per project, no minimum. 36 months. 6 regions in 2027 (WB, NE, SMC, SSA, LA, CA).",,,,,,,,,
"• CB Youth: max 300k for Regions 1-2-3, max 450k for Region 9 (Sub-Saharan Africa). 12-36 months.",,,,,,,,,
• EYT: max 500k per project. 24 months. Min 5 partners from 5 countries.,,,,,,,,,
"• CBHE: 11 regional Topic IDs + 1 Cross-Regional + EU-Moldova special. 3 Strands per region (S1: 200k-400k, S2: 400k-800k, S3: 600k-1M, EU-Moldova: 2M). ONLY action with 90% funding rate. National/regional projects ~90% of CBHE budget; cross-regional ~10%.",,,,,,,,,
"• CP KA220 sectorial: 3 fixed amounts (120k, 250k, 400k). Apply via your National Agency. SSP KA210 sectorial: 2 fixed amounts (30k, 60k).",,,,,,,,,
• EPSD (KA240-SCH): NEW 2027 action. Single lump sum 400k for 3 years.,,,,,,,,,
"• Alliances for Innovation: 3 lots — Lot 1 (1M-1.5M), Lot 2 Blueprint (up to 4M), Lot 3 STEM Foundries (up to 1.5M).",,,,,,,,,
"• CoVE: max 4M per project, 48 months. Teacher Academies: max 1.5M, 36 months.",,,,,,,,,
"• European Universities: indicative ~6.4M per alliance for 2027 call (24-month support, 145.6M total for ~22-24 alliances). Verify exact ceiling in call document.",,,,,,,,,
DEADLINES 2027 (SPECULATIVE — based on 2026 dates +1 year),,,,,,,,,
• CB Youth & EYT: 26 February 2027 (17:00 Brussels),,,,,,,,,
• Sport (SCP / SSCP / SNCESE / CB): 5 March 2027 (17:00 Brussels),,,,,,,,,
• KA210 / KA220 (NA-managed): typically 5 March 2027,,,,,,,,,
• Alliances for Innovation: 10 March 2027 (17:00 Brussels),,,,,,,,,
• CB VET (all 6 regions): 26 March 2027 (17:00 Brussels),,,,,,,,,
• Teacher Academies: 26 March 2027,,,,,,,,,
• EPSD (KA240-SCH): 9 April 2027,,,,,,,,,
• CBHE: 10 February 2027 (17:00 Brussels),,,,,,,,,
• CoVE: 3 September 2027 (17:00 Brussels),,,,,,,,,
• Always verify exact deadlines in the call document on the F&TP before applying.,,,,,,,,,
VERIFICATION & SOURCES,,,,,,,,,
• Source: Erasmus+ Programme Guide 2027 (expected late 2026 (speculative)) and EU Funding & Tenders Portal (F&TP) topic pages.,,,,,,,,,
"• Codes confirmed by Commission/EACEA: CB-VET (6 topics), EYT, SPORT-SCP/SSCP/SNCESE/CB, EUR-UNIV, EMJM-MOB/DESIGN, PCOOP-ENGO, PI-ALL-INNO-EDU-ENTERP, CBHE-CROSS-REGIONAL.",,,,,,,,,
"• Codes derived by continuity (CBY by region, Teacher Academies, CoVE, Blueprint, STEM Foundries, ENGO Youth, CBHE per region): follow consistent 2024->2025->2027 pattern but VERIFY in F&TP before official use.",,,,,,,,,
• KA210 / KA220 / KA240 decentralised: no F&TP topic ID — apply via your National Agency. Final project codes follow pattern 'YYYY-KASECTOR-XXXXXX'.,,,,,,,,,